Model,elpd_diff,se_diff,elpd_loo,se_elpd_loo
MoG,0,0,-13604.547239741645,44.38249713006565
MoG0,-2.8512485211849405,3.0797451080706333,-13607.398488262808,44.40746012833393
MoGgp,-15.710201356365719,8.95271480570121,-13620.257441098029,43.38910755859808
MoGhigh,-29.3129629173848,10.02626031636473,-13633.860202659027,43.89363438270037
LMMvar,-29.787250573911514,11.051746013494695,-13634.334490315543,43.88102836597508
LMM,-29.81345478996031,11.076967577451159,-13634.36069453163,43.90789327092952
LMM0,-32.613434599846485,10.715016703673005,-13637.160674341487,44.05047900858074
